CREATE DATABASE  IF NOT EXISTS `DMLejercicio2` /*!40100 DEFAULT CHARACTER SET utf8mb4 COLLATE utf8mb4_0900_ai_ci */ /*!80016 DEFAULT ENCRYPTION='N' */;
USE `DMLejercicio2`;
-- MySQL dump 10.13  Distrib 8.0.18, for Win64 (x86_64)
--
-- Host: 192.168.1.208    Database: DMLejercicio2
-- ------------------------------------------------------
-- Server version	8.0.28

/*!40101 SET @OLD_CHARACTER_SET_CLIENT=@@CHARACTER_SET_CLIENT */;
/*!40101 SET @OLD_CHARACTER_SET_RESULTS=@@CHARACTER_SET_RESULTS */;
/*!40101 SET @OLD_COLLATION_CONNECTION=@@COLLATION_CONNECTION */;
/*!50503 SET NAMES utf8 */;
/*!40103 SET @OLD_TIME_ZONE=@@TIME_ZONE */;
/*!40103 SET TIME_ZONE='+00:00' */;
/*!40014 SET @OLD_UNIQUE_CHECKS=@@UNIQUE_CHECKS, UNIQUE_CHECKS=0 */;
/*!40014 SET @OLD_FOREIGN_KEY_CHECKS=@@FOREIGN_KEY_CHECKS, FOREIGN_KEY_CHECKS=0 */;
/*!40101 SET @OLD_SQL_MODE=@@SQL_MODE, SQL_MODE='NO_AUTO_VALUE_ON_ZERO' */;
/*!40111 SET @OLD_SQL_NOTES=@@SQL_NOTES, SQL_NOTES=0 */;

--
-- Table structure for table `piezas`
--

DROP TABLE IF EXISTS `piezas`;
/*!40101 SET @saved_cs_client     = @@character_set_client */;
/*!50503 SET character_set_client = utf8mb4 */;
CREATE TABLE `piezas` (
  `codigo` int NOT NULL AUTO_INCREMENT,
  `nombre` varchar(100) CHARACTER SET utf8 COLLATE utf8_general_ci DEFAULT NULL,
  PRIMARY KEY (`codigo`)
) ENGINE=InnoDB AUTO_INCREMENT=11 DEFAULT CHARSET=utf8mb4 COLLATE=utf8mb4_0900_ai_ci;
/*!40101 SET character_set_client = @saved_cs_client */;

--
-- Dumping data for table `piezas`
--

LOCK TABLES `piezas` WRITE;
/*!40000 ALTER TABLE `piezas` DISABLE KEYS */;
INSERT INTO `piezas` VALUES (1,'tornillo'),(2,'pala'),(3,'pico'),(4,'destornillador'),(5,'pomo'),(6,'rueda'),(7,'visagra'),(8,'chip'),(9,'placa'),(10,'puerta');
/*!40000 ALTER TABLE `piezas` ENABLE KEYS */;
UNLOCK TABLES;

--
-- Table structure for table `proveedores`
--

DROP TABLE IF EXISTS `proveedores`;
/*!40101 SET @saved_cs_client     = @@character_set_client */;
/*!50503 SET character_set_client = utf8mb4 */;
CREATE TABLE `proveedores` (
  `id` char(4) NOT NULL,
  `nombre` varchar(100) CHARACTER SET utf8 COLLATE utf8_general_ci DEFAULT NULL,
  PRIMARY KEY (`id`)
) ENGINE=InnoDB DEFAULT CHARSET=utf8mb4 COLLATE=utf8mb4_0900_ai_ci;
/*!40101 SET character_set_client = @saved_cs_client */;

--
-- Dumping data for table `proveedores`
--

LOCK TABLES `proveedores` WRITE;
/*!40000 ALTER TABLE `proveedores` DISABLE KEYS */;
INSERT INTO `proveedores` VALUES ('1','Hyundai'),('10','Conceptron'),('2','Pepe SA'),('3','Audi'),('4','Tecno SL'),('5','Works'),('6','Saleer'),('7','Figa SL'),('8','Mercedes'),('9','Optimus');
/*!40000 ALTER TABLE `proveedores` ENABLE KEYS */;
UNLOCK TABLES;

--
-- Table structure for table `suministra`
--

DROP TABLE IF EXISTS `suministra`;
/*!40101 SET @saved_cs_client     = @@character_set_client */;
/*!50503 SET character_set_client = utf8mb4 */;
CREATE TABLE `suministra` (
  `codigoPieza` int DEFAULT NULL,
  `idproveedor` char(4) DEFAULT NULL,
  `precio` int DEFAULT NULL,
  KEY `FK_piezas` (`codigoPieza`),
  KEY `FK_proveedores` (`idproveedor`),
  CONSTRAINT `FK_piezas` FOREIGN KEY (`codigoPieza`) REFERENCES `piezas` (`codigo`),
  CONSTRAINT `FK_proveedores` FOREIGN KEY (`idproveedor`) REFERENCES `proveedores` (`id`)
) ENGINE=InnoDB DEFAULT CHARSET=utf8mb4 COLLATE=utf8mb4_0900_ai_ci;
/*!40101 SET character_set_client = @saved_cs_client */;

--
-- Dumping data for table `suministra`
--

LOCK TABLES `suministra` WRITE;
/*!40000 ALTER TABLE `suministra` DISABLE KEYS */;
INSERT INTO `suministra` VALUES (1,'1',13),(2,'2',25),(3,'3',32),(4,'4',64),(5,'5',68),(6,'6',96),(7,'7',13),(8,'8',78),(9,'9',32),(10,'10',42);
/*!40000 ALTER TABLE `suministra` ENABLE KEYS */;
UNLOCK TABLES;
/*!40103 SET TIME_ZONE=@OLD_TIME_ZONE */;

/*!40101 SET SQL_MODE=@OLD_SQL_MODE */;
/*!40014 SET FOREIGN_KEY_CHECKS=@OLD_FOREIGN_KEY_CHECKS */;
/*!40014 SET UNIQUE_CHECKS=@OLD_UNIQUE_CHECKS */;
/*!40101 SET CHARACTER_SET_CLIENT=@OLD_CHARACTER_SET_CLIENT */;
/*!40101 SET CHARACTER_SET_RESULTS=@OLD_CHARACTER_SET_RESULTS */;
/*!40101 SET COLLATION_CONNECTION=@OLD_COLLATION_CONNECTION */;
/*!40111 SET SQL_NOTES=@OLD_SQL_NOTES */;

-- Dump completed on 2022-03-21 12:46:42
